setting,dose,n_classified,n_matched,n_blocks,cell_C,lo_C,hi_C,n_boot_valid
outside the built-up area,1,280,274,30,-2.5879092649966697,-3.066343405996361,-1.9737118489284502,2000
outside the built-up area,2,146,145,25,-3.2245505615602092,-3.826319236145804,-2.4095423591908487,2000
outside the built-up area,3,115,114,20,-4.055007457671663,-4.6900212383028554,-3.020161600884533,2000
outside the built-up area,4,69,69,14,-5.058154860277361,-5.6736855109389746,-3.7141627280415195,2000
outside the built-up area,5,71,71,14,-5.4655892437369715,-5.99620473112252,-3.3645873990963375,2000
outside the built-up area,6,66,66,13,-6.933551956042365,-7.619237296805837,-5.236087776284637,2000
outside the built-up area,7,59,59,9,-7.218012383238453,-7.710719758053248,-5.086849749473163,2000
outside the built-up area,8,48,48,10,-8.001549703655384,-8.93810683186588,-5.820489215747009,2000
outside the built-up area,9,160,160,9,-10.830996320982276,-11.38509507136386,-7.924777119919626,2000
built-up surroundings,1,179,174,41,-1.5347916375375215,-1.7697995388237848,-1.2477154308947516,2000
built-up surroundings,2,73,72,30,-2.0181787054684874,-2.4509327019802516,-1.5092994192620501,2000
built-up surroundings,3,28,28,13,-2.611778512519816,-3.0597567024592576,-2.1320800043249264,2000
built-up surroundings,4,22,22,12,-2.301676557986862,-2.825540041165338,-1.4680446288278137,2000
built-up surroundings,5,7,7,6,-2.98115914823871,-4.0589500476271425,-2.179615108534658,1997
built-up surroundings,6,6,6,5,-3.7709168955388184,-4.4287922806698425,-3.0449396850537855,1985
built-up surroundings,7,1,1,1,-3.4671010333333316,-3.791457521739128,-3.1023157906976726,1271
built-up surroundings,8,2,2,2,-4.010299982183903,-4.202470858974355,-3.7424393676470533,1721
built-up surroundings,9,1,1,1,-3.826031013333323,-3.951160450381669,-3.6516484999999896,1275
