model,match,setting,pixels,n_supported,n_cells,n_blocks,measured_C,measured_lo_C,measured_hi_C,model_C,model_lo_C,model_hi_C,difference_C,difference_lo_C,difference_hi_C,n_joint_valid,status
A,"primary (pre-treatment-only strata), re-retrieved LST",outside the built-up area,1–2,72,419,32,-2.856807418448413,-3.3954902992538405,-2.214366654789738,-2.6014881634769123,-3.406004077305655,-1.820755163853576,0.2553192549715009,-0.23981022138854785,0.5212810416245058,200,tolerance_not_set
A,"primary (pre-treatment-only strata), re-retrieved LST",outside the built-up area,3–4,4,183,21,-4.5580168580623175,-5.200823249760071,-3.246672747721305,-4.578407454360378,-5.518333082272624,-3.429795907920513,-0.020390596298060615,-0.8017038950199145,0.366746242596865,200,tolerance_not_set
A,"primary (pre-treatment-only strata), re-retrieved LST",outside the built-up area,5–8,2,244,19,-7.1299625316523745,-7.708203247960805,-4.917690004514182,-8.087919375935538,-8.835798942237213,-4.741973232129298,-0.9579568442831636,-1.5616990086897538,0.6147410997223145,200,tolerance_not_set
A,"primary (pre-treatment-only strata), re-retrieved LST",outside the built-up area,9,3,160,9,-11.547388405967457,-12.17565321823365,-8.062005624066453,-9.68467481136322,-11.794408298620489,-5.794579251607256,1.8627135946042372,0.12358314763936017,4.218384531447936,200,tolerance_not_set
A,"primary (pre-treatment-only strata), re-retrieved LST",built-up surroundings,1–2,88,246,41,-1.6979234304432855,-1.9670318825767492,-1.3856279774088203,-1.5226646051174257,-1.70394048574999,-1.3360428670768991,0.1752588253258598,-0.15350275786766454,0.5051624701197385,200,tolerance_not_set
A,"primary (pre-treatment-only strata), re-retrieved LST",built-up surroundings,3–4,2,50,19,-2.5501486858089377,-3.004989220605015,-1.980966880037811,-2.8358127593994142,-3.2011597045507187,-2.3603457294283685,-0.2856640735904765,-0.9237722278078465,0.34744502554498313,200,tolerance_not_set
A,"primary (pre-treatment-only strata), re-retrieved LST",built-up surroundings,5–8,0,16,9,-3.5746511542327086,-4.063714177810094,-2.9438918075151435,-3.886870861053467,-4.428387393951416,-3.1678241321018765,-0.31221970682075817,-1.1228439251740876,0.4773073050424507,200,tolerance_not_set
B,"primary (pre-treatment-only strata), re-retrieved LST",outside the built-up area,1–2,15,419,32,-2.856807418448413,-3.3954902992538405,-2.214366654789738,-1.524741780501846,-1.9654547217437188,-1.194885826324014,1.3320656379465672,0.6266596696346128,1.9696159896032663,200,tolerance_not_set
B,"primary (pre-treatment-only strata), re-retrieved LST",outside the built-up area,3–4,0,183,21,-4.5580168580623175,-5.200823249760071,-3.246672747721305,-2.3360489600343133,-3.1359108061617493,-1.8502342701050858,2.221967898028004,0.8242512192411476,3.1362542291974966,200,tolerance_not_set
B,"primary (pre-treatment-only strata), re-retrieved LST",outside the built-up area,5–8,0,244,19,-7.1299625316523745,-7.708203247960805,-4.917690004514182,-2.6359716634281347,-3.6568345713897688,-2.072383757240072,4.493990868224239,1.982342393610685,5.5528559328197495,200,tolerance_not_set
B,"primary (pre-treatment-only strata), re-retrieved LST",outside the built-up area,9,0,160,9,-11.547388405967457,-12.17565321823365,-8.062005624066453,-2.5602059841156004,-4.092963869538537,-1.9591736360758292,8.987182421851855,5.062750422250057,10.029464449540944,200,tolerance_not_set
B,"primary (pre-treatment-only strata), re-retrieved LST",built-up surroundings,1–2,59,246,41,-1.6979234304432855,-1.9670318825767492,-1.3856279774088203,-1.379836741501723,-1.625128960970069,-1.1766008530106655,0.31808668894156256,-0.06924441096281045,0.5936265725075355,200,tolerance_not_set
B,"primary (pre-treatment-only strata), re-retrieved LST",built-up surroundings,3–4,2,50,19,-2.5501486858089377,-3.004989220605015,-1.980966880037811,-2.447163543701172,-2.830505754830954,-1.8199337544648544,0.10298514210776588,-0.5320778587915528,0.8616865806839805,200,tolerance_not_set
B,"primary (pre-treatment-only strata), re-retrieved LST",built-up surroundings,5–8,0,16,9,-3.5746511542327086,-4.063714177810094,-2.9438918075151435,-2.76308536529541,-3.4890976206461586,-1.7337366876148042,0.8115657889372985,-0.24843561432717687,2.1212025644745265,200,tolerance_not_set
