dose_class,f,normalized_benefit,p,alpha_over_beta,negi_beta1
1–2,0.1495624502784407,0.2592768546468148,0.5,0.5,-0.25709462049955883
1–2,0.1495624502784407,0.2592768546468148,0.5,1.0,-0.12745619317615142
1–2,0.1495624502784407,0.2592768546468148,0.5,2.0,0.1318206614706634
1–2,0.1495624502784407,0.2592768546468148,1.0,0.5,-0.019924022955033288
1–2,0.1495624502784407,0.2592768546468148,1.0,1.0,0.10971440436837412
1–2,0.1495624502784407,0.2592768546468148,1.0,2.0,0.3689912590151889
3–4,0.3752276867030966,0.4093107625735133,0.5,0.5,-0.4079029316134085
3–4,0.3752276867030966,0.4093107625735133,0.5,1.0,-0.20324755032665187
3–4,0.3752276867030966,0.4093107625735133,0.5,2.0,0.20606321224686142
3–4,0.3752276867030966,0.4093107625735133,1.0,0.5,-0.17057230541633994
3–4,0.3752276867030966,0.4093107625735133,1.0,1.0,0.0340830758704167
3–4,0.3752276867030966,0.4093107625735133,1.0,2.0,0.44339383844393
5–8,0.7049180327868853,0.6264687063087281,0.5,0.5,-0.5263596158490378
5–8,0.7049180327868853,0.6264687063087281,0.5,1.0,-0.2131252626946737
5–8,0.7049180327868853,0.6264687063087281,0.5,2.0,0.4133434436140544
5–8,0.7049180327868853,0.6264687063087281,1.0,0.5,-0.3916836796325212
5–8,0.7049180327868853,0.6264687063087281,1.0,1.0,-0.07844932647815717
5–8,0.7049180327868853,0.6264687063087281,1.0,2.0,0.5480193798305709
9,1.0,1.0,0.5,0.5,-0.5
9,1.0,1.0,0.5,1.0,0.0
9,1.0,1.0,0.5,2.0,1.0
9,1.0,1.0,1.0,0.5,-0.5
9,1.0,1.0,1.0,1.0,0.0
9,1.0,1.0,1.0,2.0,1.0
