ndvi_nonvegetated_below,ndvi_greened_at_least,setting,greened_cells,matched_cells,per_pixel_C,lo_C,hi_C,fully_greened_cells,fully_greened_cell_C,fully_greened_lo_C,fully_greened_hi_C,panel_cells,panel
0.15,0.3,outside the built-up area,1014,1006,-1.1805706405801224,-1.2519858900832441,-0.9252715933911743,160,-10.830996320982276,-11.38509507136386,-7.924777119919626,25576,panel.csv
0.15,0.3,built-up surroundings,319,313,-0.782840102139666,-0.9159784976492266,-0.6590442865416002,1,-3.826031013333323,-3.951160450381669,-3.6516484999999896,25576,panel.csv
0.1,0.3,outside the built-up area,550,543,-1.1814465662094213,-1.2534630292904003,-0.83002160131669,75,-10.80837116055109,-11.248581146481897,-7.316019389861619,22877,panel_thr_nv010_g030_r1.csv
0.1,0.3,built-up surroundings,141,137,-0.8304826395416051,-1.0373517019754732,-0.6282770598752844,1,-3.921836693181808,-4.041202904411755,-3.795010093749989,22877,panel_thr_nv010_g030_r1.csv
0.2,0.3,outside the built-up area,1323,1316,-1.167978492193119,-1.2429087080880097,-0.910799871498277,219,-10.76903864746517,-11.40849207981755,-7.554826103752318,28806,panel_thr_nv020_g030_r1.csv
0.2,0.3,built-up surroundings,564,557,-0.7468752661193288,-0.8318879378969478,-0.6641924248250678,2,-3.7157246573602047,-3.9136914571428467,-3.558459702247191,28806,panel_thr_nv020_g030_r1.csv
0.15,0.25,outside the built-up area,1522,1508,-0.9927425984313902,-1.071061225456228,-0.7420323610252032,246,-9.834254973606658,-10.367399571006802,-7.2754879611599605,29258,panel_thr_nv015_g025_r1.csv
0.15,0.25,built-up surroundings,725,717,-0.6365623297328667,-0.7069150569782613,-0.5534842255181028,3,-4.631620227735536,-5.179771999999998,-3.6013106046511525,29258,panel_thr_nv015_g025_r1.csv
0.15,0.35,outside the built-up area,724,723,-1.3393257535680507,-1.4137599331248207,-1.08007418823376,111,-11.474373482063458,-12.111832885480574,-8.284875152546809,23888,panel_thr_nv015_g035_r1.csv
0.15,0.35,built-up surroundings,154,153,-0.9053980091870981,-1.1007309247961983,-0.7323221934487055,0,,,,23888,panel_thr_nv015_g035_r1.csv
