table,saved_exists,rows_saved,rows_rerun,same_columns,max_abs_diff,max_rel_diff,nan_mismatch,text_identical
allocation_selected.csv,True,0,0,True,0.0,0.0,0,True
cells.csv,True,2,2,True,0.0,0.0,0,True
decision_bare_places_model.csv,True,0,0,True,0.0,0.0,0,True
decision_by_coast.csv,True,5,5,True,0.0,0.0,0,True
decision_pairwise.csv,True,21,21,True,0.0,0.0,0,True
decision_ranking.csv,True,7,7,True,0.0,0.0,0,True
decision_scenarios.csv,True,126,126,True,0.0,0.0,0,True
decision_summary.csv,True,7,7,True,0.0,0.0,0,True
energy.csv,True,2,2,True,0.0,0.0,0,True
measured_balance.csv,True,16,16,True,0.0,0.0,0,True
measured_by_coast.csv,True,5,5,True,0.0,0.0,0,True
measured_cluster_diagnostics.csv,True,20,20,True,0.0,0.0,0,True
measured_dose.csv,True,8,8,True,0.0,0.0,0,True
measured_estimates.csv,True,12,12,True,0.0,0.0,0,True
measured_geographic_dose.csv,True,16,16,True,0.0,0.0,0,True
measured_region_influence.csv,True,32,32,True,0.0,0.0,0,True
measured_sensitivity.csv,True,18,18,True,0.0,0.0,0,True
measured_yearly.csv,True,12,12,True,0.0,0.0,0,True
model_cv.csv,True,1,1,True,0.0,0.0,0,True
model_importance.csv,True,7,7,True,0.0,0.0,0,True
sio_supply_depths.csv,True,17,17,True,48198769.0,1000000000000.0,0,False
test_by_coast.csv,True,5,5,True,0.0,0.0,0,True
test_by_dose.csv,True,14,14,True,0.0,0.0,0,True
test_by_setting.csv,True,4,4,True,0.0,0.0,0,True
test_region_holdouts.csv,True,18,18,True,0.0,0.0,0,True
test_support_coasts.csv,True,16,16,True,0.0,0.0,0,True
test_support_counts.csv,True,8,8,True,0.0,0.0,0,True
test_supported.csv,True,2,2,True,0.0,0.0,0,True
test_supported_by_dose.csv,True,7,7,True,0.0,0.0,0,True
water.csv,True,3,3,True,0.0,0.0,0,True
