lst,setting,pixels,n_matched,per_pixel_C,lo_C,hi_C
product LST,outside the built-up area,all,1006,-1.1805706405801224,-1.2519858900832441,-0.9252715933911743
product LST,outside the built-up area,1–2,419,-1.9253007042875272,-2.271432697239139,-1.477060341840476
product LST,outside the built-up area,3–4,183,-1.3065085877747702,-1.4678922073040632,-0.9977119456660334
product LST,outside the built-up area,5–8,244,-1.0618553447301315,-1.147464715668604,-0.7793638713455712
product LST,outside the built-up area,9,160,-1.2034440356646974,-1.2650105634848734,-0.8805307911021806
product LST,built-up surroundings,all,313,-0.782840102139666,-0.9159784976492266,-0.6590442865416002
product LST,built-up surroundings,1–2,246,-1.2070811223354783,-1.4152303482275457,-0.968690753185882
product LST,built-up surroundings,3–4,50,-0.6985710797260072,-0.8344805084468935,-0.5362572738526443
product LST,built-up surroundings,5–8,16,-0.5783945165070917,-0.6931321753556594,-0.4861086666119392
product LST,built-up surroundings,9,1,-0.4251145570370359,-0.43901782782018545,-0.40573872222222107
re-retrieved LST,outside the built-up area,all,1006,-1.2458534317250578,-1.324354377682658,-0.9640728947541148
re-retrieved LST,outside the built-up area,1–2,419,-1.9610284992488949,-2.318037631688916,-1.5006397950533599
re-retrieved LST,outside the built-up area,3–4,183,-1.3438210433410698,-1.5094528295847323,-1.0207441818066794
re-retrieved LST,outside the built-up area,5–8,244,-1.1171793809198518,-1.2074427563976717,-0.8160624594317097
re-retrieved LST,outside the built-up area,9,160,-1.2830431562186064,-1.3502926508334785,-0.9406144183529243
re-retrieved LST,built-up surroundings,all,313,-0.8052648733079695,-0.9368015290219139,-0.6819344740953205
re-retrieved LST,built-up surroundings,1–2,246,-1.2242291677694654,-1.4321379305351039,-0.9853071633431139
re-retrieved LST,built-up surroundings,3–4,50,-0.7200706085581623,-0.8559429630928244,-0.557409419732218
re-retrieved LST,built-up surroundings,5–8,16,-0.6016899609234938,-0.7119754214232669,-0.5149491223072272
re-retrieved LST,built-up surroundings,9,1,-0.47843008444444524,-0.4923466870229016,-0.45903567021276676
