lag_km,semivariance_C2,n_pairs,fit_C2,practical_range_km,nugget_C2,partial_sill_C2
0.25,0.7066381693271768,5663,0.7026932314256339,2.3644827026762254,0.44511034968262514,0.9476557233285852
0.75,1.0235395246081114,15724,1.026848196135358,2.3644827026762254,0.44511034968262514,0.9476557233285852
1.25,1.1830425705260366,25779,1.198734538152253,2.3644827026762254,0.44511034968262514,0.9476557233285852
1.75,1.289624834489199,35397,1.2898789529799144,2.3644827026762254,0.44511034968262514,0.9476557233285852
2.25,1.3545022570567926,42352,1.3382091708250314,2.3644827026762254,0.44511034968262514,0.9476557233285852
2.75,1.3763893786807173,52141,1.3638367417669601,2.3644827026762254,0.44511034968262514,0.9476557233285852
3.25,1.3909007542627607,58735,1.3774260120344424,2.3644827026762254,0.44511034968262514,0.9476557233285852
3.75,1.3918545262879467,69218,1.3846318555699506,2.3644827026762254,0.44511034968262514,0.9476557233285852
4.25,1.3899352230665567,74847,1.3884528246165722,2.3644827026762254,0.44511034968262514,0.9476557233285852
4.75,1.4012841114136747,83110,1.3904789308431782,2.3644827026762254,0.44511034968262514,0.9476557233285852
5.25,1.4058804176215691,89541,1.3915532934960557,2.3644827026762254,0.44511034968262514,0.9476557233285852
5.75,1.3972610621444597,95691,1.392122984805791,2.3644827026762254,0.44511034968262514,0.9476557233285852
6.25,1.3742864605353946,102054,1.392425069197424,2.3644827026762254,0.44511034968262514,0.9476557233285852
6.75,1.3801979131228834,106622,1.3925852524020983,2.3644827026762254,0.44511034968262514,0.9476557233285852
7.25,1.3872867860038132,114199,1.3926701911138302,2.3644827026762254,0.44511034968262514,0.9476557233285852
7.75,1.3811793886408559,117408,1.3927152306968837,2.3644827026762254,0.44511034968262514,0.9476557233285852
8.25,1.3866373663358338,124822,1.3927391133765272,2.3644827026762254,0.44511034968262514,0.9476557233285852
8.75,1.3936025296526395,127980,1.3927517774011093,2.3644827026762254,0.44511034968262514,0.9476557233285852
9.25,1.3711580536487327,132863,1.3927584926240664,2.3644827026762254,0.44511034968262514,0.9476557233285852
9.75,1.3814242417416027,137521,1.3927620534367502,2.3644827026762254,0.44511034968262514,0.9476557233285852
10.25,1.3778875293596693,139881,1.3927639415925197,2.3644827026762254,0.44511034968262514,0.9476557233285852
10.75,1.3642238891846554,144051,1.3927649428055928,2.3644827026762254,0.44511034968262514,0.9476557233285852
11.25,1.3547732231067282,146326,1.3927654737086221,2.3644827026762254,0.44511034968262514,0.9476557233285852
11.75,1.3697249297459346,151524,1.3927657552251487,2.3644827026762254,0.44511034968262514,0.9476557233285852
12.25,1.3747093121640712,152518,1.3927659045020415,2.3644827026762254,0.44511034968262514,0.9476557233285852
12.75,1.3580023909654133,157749,1.3927659836575745,2.3644827026762254,0.44511034968262514,0.9476557233285852
13.25,1.3717940830948325,158589,1.3927660256305707,2.3644827026762254,0.44511034968262514,0.9476557233285852
13.75,1.3779263847312562,160095,1.3927660478871624,2.3644827026762254,0.44511034968262514,0.9476557233285852
14.25,1.3962443867959677,163128,1.3927660596889382,2.3644827026762254,0.44511034968262514,0.9476557233285852
14.75,1.395439319123047,163852,1.3927660659469452,2.3644827026762254,0.44511034968262514,0.9476557233285852
15.25,1.4053606205525535,166318,1.3927660692653145,2.3644827026762254,0.44511034968262514,0.9476557233285852
15.75,1.4087066645606512,166337,1.3927660710249123,2.3644827026762254,0.44511034968262514,0.9476557233285852
16.25,1.3994751053800847,168812,1.3927660719579564,2.3644827026762254,0.44511034968262514,0.9476557233285852
16.75,1.3984328456169455,168619,1.3927660724527122,2.3644827026762254,0.44511034968262514,0.9476557233285852
17.25,1.412341410411034,169530,1.392766072715061,2.3644827026762254,0.44511034968262514,0.9476557233285852
17.75,1.408571591168445,170137,1.3927660728541744,2.3644827026762254,0.44511034968262514,0.9476557233285852
18.25,1.4226815547676872,170331,1.3927660729279405,2.3644827026762254,0.44511034968262514,0.9476557233285852
18.75,1.4270536049288438,171814,1.3927660729670557,2.3644827026762254,0.44511034968262514,0.9476557233285852
19.25,1.4268916794186293,169717,1.3927660729877969,2.3644827026762254,0.44511034968262514,0.9476557233285852
19.75,1.4247247414366684,170869,1.3927660729987952,2.3644827026762254,0.44511034968262514,0.9476557233285852
